{
    "__JSON__": true,
    "AUTHOR": "SamPandey001",
    "LANGUAGE": "English",
    "LANGCODE": "en",
    "STRINGS": {
        "updater": {
            "UPDATE": "*Your bot is already on latest version Master*",
            "NEW_UPDATE": "*There is a new update available for the bot!*\n\n*Changes:*\n",
            "UPDATED_LOCAL": "*Fresh Updates Installed!*"
        },
        "global": {
            "botName": " 𝐏𝐨𝐰𝐞𝐫𝐞𝐝 𝐛𝐲 𝐆𝐞𝐧𝐨𝐬",
            "body": "𝑊ℎ𝑎𝑡𝑠𝑎𝑝𝑝 𝐵𝑜𝑡",
            "greet2" : "Hey Master",
            "pic1": "https://telegra.ph/file/4f4076fc0f8c9bcbc5e81.jpg",
            "pic2": "https://telegra.ph/file/aaeea92cc2382d48f2f5e.jpg",
            "pic3": "https://wallpapers.com/images/high/one-punch-man-genos-f4kqtbew9cs5f1n1.jpg",
            "pic4": "https://telegra.ph/file/1bb09f6ded848fc6ce911.jpg",
            "pic5": "https://wallpapercave.com/uwp/uwp923267.jpeg",
            "pic6": "https://telegra.ph/file/bc2f6954ba57fed167a2b.jpg",
            "pic7": "https://telegra.ph/file/891029dccf6d650c5dde8.jpg",
             "greet" : "Master",
           "dotbody" : "Stop me if you can.",
            "emojii" : "🦾",
            "promote": "Promoted as an Admin,Enjoy",
            "pmallow": "*Hii,This is Genos*\n*An assistant of My Master.*\nMy Master is busy right now.\nKindly Leave your Message.\n\n_I will inform him about your message asap......_",
            "pmblock": "❌ Blocked*\n\n You have been blocked for spamming.\n\n _ 𝐏𝐨𝐰𝐞𝐫𝐞𝐝 𝐛𝐲 𝐆𝐞𝐧𝐨𝐬_",
            "pmwarn": "✋Hii* \nPlease don't spam else I'll block you for spamming. _You have ${checkPermit.times} warning(s)._\n\n * 𝐏𝐨𝐰𝐞𝐫𝐞𝐝 𝐛𝐲 𝐆𝐞𝐧𝐨𝐬*",
            "permited": "Hii ${tname} Sir*\n\nNow You are permitted by my owner to pm now.\n\n *𝐏𝐨𝐰𝐞𝐫𝐞𝐝 𝐛𝐲 𝐆𝐞𝐧𝐨𝐬*", 
            "revoked" : "*Hii ${tname} Sir*\n\nYour pm permit permission has been prevoked now.\n\n _𝐏𝐨𝐰𝐞𝐫𝐞𝐝 𝐛𝐲 𝐆𝐞𝐧𝐨𝐬_",
            "demote": "Admin role retrieved",
            "antlink": "Link Detected.\n*Good Bye Master*",
            "session": "\n*This is your session.sam.json,keep it safe and store it properly*\n_Now Upload This json file in Your Forked Repo_\n Connect your repo to Heroku and *Deploy Branch* and Bot will run for Always\n\n*𝐏𝐨𝐰𝐞𝐫𝐞𝐝 𝐛𝐲 𝐆𝐞𝐧𝐨𝐬*",
            "mention": " Please mention any user Master",
            "title": "𝐆𝐄𝐍𝐎𝐒",
            "footer": "𝐆𝐄𝐍𝐎𝐒-𝐂𝐘𝐁𝐎𝐑𝐆",
            "by": "Made by: *CitelVoid*",
            "chat_desc": "Options Avilable* : 1. mute\n2. unmute\n3. archive\n4. unarchive\n5. read\n6. unread\n7. delete",
            "success": "Success ✓",
            "dot": "Hello Master, why don't you try *help?*",
            "couple_male": "*I dont want to die alone,I want a female yaar*",
            "couple_female": "*I dont want to die alone,I want a male yaar*",
            "admin": "𝑇ℎ𝑖𝑠 𝑐𝑜𝑚𝑚𝑎𝑛𝑑 𝑖𝑠 𝑜𝑛𝑙𝑦 𝑓𝑜𝑟 𝑔𝑟𝑜𝑢𝑝 𝐴𝑑𝑚𝑖𝑛⚠️!",
            "botAdmin": "𝑃𝑙𝑒𝑎𝑠𝑒 𝑃𝑟𝑜𝑣𝑖𝑑𝑒 𝑚𝑒 𝐴𝑑𝑚𝑖𝑛 𝑅𝑜𝑙𝑒 .❗",
            "owner": "𝐓𝐡𝐢𝐬 𝐂𝐨𝐦𝐦𝐚𝐧𝐝 𝐢𝐬 𝐨𝐧𝐥𝐲 𝐟𝐨𝐫 𝐌𝐲 𝐎𝐰𝐧𝐞𝐫 ⚠️",
            "group": "𝑻𝒉𝒊𝒔 𝑭𝒆𝒂𝒕𝒖𝒓𝒆 𝒊𝒔 𝑶𝒏𝒍𝒚 𝑭𝒐𝒓 𝑮𝒓𝒐𝒖𝒑𝒔❗",
            "private": "𝑻𝒉𝒊𝒔 𝒇𝒆𝒂𝒕𝒖𝒓𝒆 𝒊𝒏 𝒐𝒏𝒍𝒚 𝒇𝒐𝒓 𝒕𝒉𝒆 𝐌𝐲 𝐎𝐰𝐧𝐞𝐫 ⚠️",
            "bot": "𝑻𝒉𝒊𝒔 𝒇𝒆𝒂𝒕𝒖𝒓𝒆 𝒊𝒏 𝒐𝒏𝒍𝒚 𝒇𝒐𝒓 𝒕𝒉𝒆 𝒃𝒐𝒕 𝒏𝒖𝒎𝒃𝒆𝒓⚠️",
            "wait": "𝑷𝒓𝒐𝒄𝒆𝒔𝒔𝒊𝒏𝒈 𝒚𝒐𝒖𝒓 𝒓𝒆𝒒𝒖𝒆𝒔𝒕✅"
        },
        "error": {
            "text": "*Task Failed*"
        }
    }
  }
